{
  "spark_local": {
    "conn_type": "spark",
    "description": "Spark Local",
    "login": "",
    "password": null,
    "host": "local[1]",
    "port": null,
    "schema": "",
    "extra": ""
  },
  "minio_s3": {
      "conn_type": "s3",
      "description": "MinIO S3",
      "login": null,
      "password": null,
      "host": null,
      "port": null,
      "schema": null,
      "extra": "{\"aws_access_key_id\":\"aulafia\",\"aws_secret_access_key\":\"aulafia@123\",\"host\":\"http://minio:9000\"}"
    }
}